{"cameraMode":{"drawMode":0,"name":"Shaded","section":"Shading Mode"},"sceneLighting":false,"audioPlay":false,"sceneViewState":{"m_AlwaysRefresh":false,"showFog":true,"showSkybox":false,"showFlares":true,"showImageEffects":true,"showParticleSystems":true,"showVisualEffectGraphs":true,"m_FxEnabled":true},"in2DMode":false,"pivot":{"x":1.1920928955078126e-7,"y":2.635058879852295,"z":0.010605812072753907},"rotation":{"x":0.04714902490377426,"y":0.9456259608268738,"z":-0.15951068699359895,"w":0.2795124053955078},"size":4.217790603637695,"orthographic":false}